{
  "43a3fa318e": 1775028309.808744,
  "e97d4481ee": 1775028309.8087492,
  "61d833b819": 1775067910.2992194,
  "5f3e211968": 1775067910.299235,
  "056da58005": 1775114709.0981288,
  "a6e3418d4d": 1775114709.0981328,
  "869ec38643": 1775114709.0981345,
  "76962fa930": 1775201109.9658082,
  "ad177efcde": 1775201109.965814,
  "4134d3f909": 1775240709.9597573
}