{
  "43a3fa318e": 1775759110.873589,
  "e97d4481ee": 1775759110.8735957,
  "ee72c82a10": 1775759110.8735988,
  "a50ab6bc33": 1775759110.8736007
}