{
  "1d992824ab": 1774512986.6484418,
  "43a3fa318e": 1774638937.9168632,
  "056da58005": 1774685708.8665137,
  "ccfbb5c9be": 1774768511.323127,
  "4134d3f909": 1774768511.3231406,
  "5f3e211968": 1774768511.3231428
}