{
  "056da58005": 1774123950.062356,
  "869ec38643": 1774123950.0623746,
  "ccfbb5c9be": 1774123950.0623765,
  "1ee9250327": 1774123950.062378,
  "977ba21735": 1774167308.8323257,
  "61d833b819": 1774167308.8323438,
  "9cfc47b2f1": 1774167308.832346,
  "8c7d5528b0": 1774253814.5289805,
  "4a74abbe56": 1774311323.1548302,
  "9f383a41fe": 1774311323.154849,
  "43a3fa318e": 1774340152.5093074,
  "a6e3418d4d": 1774379744.6593387
}