{
  "ee3156dcb0": 1774466143.0213504,
  "869ec38643": 1774466143.0213547,
  "61d833b819": 1774466143.021357,
  "1d992824ab": 1774512986.6484418,
  "43a3fa318e": 1774638937.9168632,
  "056da58005": 1774685708.8665137
}