{
  "76962fa930": 1774808111.2528727,
  "869ec38643": 1774808111.2528768,
  "9f383a41fe": 1774941398.6370168,
  "43a3fa318e": 1775028309.808744,
  "e97d4481ee": 1775028309.8087492
}