{
  "9f383a41fe": 1774941398.6370168,
  "43a3fa318e": 1775028309.808744,
  "e97d4481ee": 1775028309.8087492,
  "61d833b819": 1775067910.2992194,
  "5f3e211968": 1775067910.299235
}