{
  "76962fa930": 1774426539.9996388,
  "f3e4a49aab": 1774426539.9996612,
  "4134d3f909": 1774426539.9996636,
  "5f3e211968": 1774426539.9996648,
  "ccfbb5c9be": 1774426565.7197292,
  "ee3156dcb0": 1774466143.0213504,
  "869ec38643": 1774466143.0213547,
  "61d833b819": 1774466143.021357,
  "1d992824ab": 1774512986.6484418,
  "43a3fa318e": 1774638937.9168632,
  "056da58005": 1774685708.8665137
}