{
  "056da58005": 1775114709.0981288,
  "a6e3418d4d": 1775114709.0981328,
  "869ec38643": 1775114709.0981345,
  "76962fa930": 1775201109.9658082,
  "ad177efcde": 1775201109.965814,
  "4134d3f909": 1775240709.9597573,
  "977ba21735": 1775287509.957689,
  "7a663d61e4": 1775327108.8414357
}