{
  "76962fa930": 1775201109.9658082,
  "ad177efcde": 1775201109.965814,
  "4134d3f909": 1775240709.9597573,
  "977ba21735": 1775287509.957689,
  "7a663d61e4": 1775327108.8414357,
  "61d833b819": 1775413517.2590513,
  "5f3e211968": 1775413517.2590654
}