{
  "056da58005": 1774123950.062356,
  "869ec38643": 1774123950.0623746,
  "ccfbb5c9be": 1774123950.0623765,
  "1ee9250327": 1774123950.062378
}