{
  "8c7d5528b0": 1774253814.5289805,
  "4a74abbe56": 1774311323.1548302,
  "9f383a41fe": 1774311323.154849,
  "43a3fa318e": 1774340152.5093074,
  "a6e3418d4d": 1774379744.6593387,
  "76962fa930": 1774426539.9996388,
  "f3e4a49aab": 1774426539.9996612,
  "4134d3f909": 1774426539.9996636,
  "5f3e211968": 1774426539.9996648,
  "ccfbb5c9be": 1774426565.7197292
}