{
  "NVDA:OXY": {
    "corr": -0.01608539953217084,
    "ts": 1774560159.5627768
  },
  "MSFT:OXY": {
    "corr": -0.054582118380423164,
    "ts": 1774560159.773731
  },
  "OXY:PLTR": {
    "corr": 0.1029188984575801,
    "ts": 1774560159.9389415
  },
  "EQNR:OXY": {
    "corr": 0.5396944480914678,
    "ts": 1774560160.2333696
  },
  "BAYN.DE:OXY": {
    "corr": -0.08724704952663186,
    "ts": 1774560160.4393759
  },
  "OXY:RIO.L": {
    "corr": 0.014249380556370662,
    "ts": 1774560160.953373
  },
  "OXY:TTE.PA": {
    "corr": 0.3477033082421919,
    "ts": 1774560161.1626105
  },
  "AG:OXY": {
    "corr": 0.2501525781186528,
    "ts": 1774560162.5262525
  },
  "OXY:PSX": {
    "corr": 0.47506663060745186,
    "ts": 1774560163.0669262
  },
  "DINO:OXY": {
    "corr": 0.24282086802762018,
    "ts": 1774560163.2786632
  },
  "FRO:OXY": {
    "corr": 0.05976453468821164,
    "ts": 1774560163.5297558
  },
  "EQNR:NVDA": {
    "corr": 0.07856182687040361,
    "ts": 1774859147.80744
  },
  "EQNR:PLTR": {
    "corr": 0.10838508579358663,
    "ts": 1774859147.9981968
  },
  "EQNR:MSFT": {
    "corr": -0.040282891378441,
    "ts": 1774859148.387514
  }
}