{
  "NVDA:OXY": {
    "corr": -0.01608539953217084,
    "ts": 1774560159.5627768
  },
  "MSFT:OXY": {
    "corr": -0.054582118380423164,
    "ts": 1774560159.773731
  },
  "OXY:PLTR": {
    "corr": 0.1029188984575801,
    "ts": 1774560159.9389415
  },
  "EQNR:OXY": {
    "corr": 0.5396944480914678,
    "ts": 1774560160.2333696
  },
  "BAYN.DE:OXY": {
    "corr": -0.08724704952663186,
    "ts": 1774560160.4393759
  },
  "OXY:RIO.L": {
    "corr": 0.014249380556370662,
    "ts": 1774560160.953373
  },
  "OXY:TTE.PA": {
    "corr": 0.3477033082421919,
    "ts": 1774560161.1626105
  },
  "AG:OXY": {
    "corr": 0.2501525781186528,
    "ts": 1774560162.5262525
  },
  "OXY:PSX": {
    "corr": 0.47506663060745186,
    "ts": 1774560163.0669262
  },
  "DINO:OXY": {
    "corr": 0.24282086802762018,
    "ts": 1774560163.2786632
  },
  "FRO:OXY": {
    "corr": 0.05976453468821164,
    "ts": 1774560163.5297558
  },
  "EQNR:NVDA": {
    "corr": 0.07856182687040361,
    "ts": 1774859147.80744
  },
  "EQNR:PLTR": {
    "corr": 0.10838508579358663,
    "ts": 1774859147.9981968
  },
  "EQNR:MSFT": {
    "corr": -0.040282891378441,
    "ts": 1774859148.387514
  },
  "BA.L:OXY": {
    "corr": 0.28979512384147293,
    "ts": 1774977687.4154973
  },
  "EQNR.OL:OXY": {
    "corr": 0.4128824336728485,
    "ts": 1774977687.6112618
  },
  "NOVO-B.CO:OXY": {
    "corr": -0.054510687320542296,
    "ts": 1774977687.8121884
  },
  "OXY:RHM.DE": {
    "corr": 0.12194406455256994,
    "ts": 1774977688.025782
  },
  "OXY:SIE.DE": {
    "corr": -0.33204031605113793,
    "ts": 1774977688.3693626
  },
  "BA.L:TTE.PA": {
    "corr": 0.21967755922305496,
    "ts": 1774977689.1183655
  },
  "EQNR.OL:TTE.PA": {
    "corr": 0.6842343922911235,
    "ts": 1774977689.1589508
  },
  "NOVO-B.CO:TTE.PA": {
    "corr": -0.08638192189624323,
    "ts": 1774977689.198847
  },
  "RHM.DE:TTE.PA": {
    "corr": 0.0377866060639048,
    "ts": 1774977689.2393649
  },
  "SIE.DE:TTE.PA": {
    "corr": -0.21037392834570168,
    "ts": 1774977689.2774336
  },
  "BA.L:FRO": {
    "corr": 0.20755561257242752,
    "ts": 1774977690.182234
  },
  "EQNR.OL:FRO": {
    "corr": 0.14759860298495991,
    "ts": 1774977690.2098694
  },
  "FRO:NOVO-B.CO": {
    "corr": 0.013857640079539706,
    "ts": 1774977690.2371178
  },
  "FRO:RHM.DE": {
    "corr": 0.2939884451057663,
    "ts": 1774977690.266131
  },
  "FRO:SIE.DE": {
    "corr": 0.2420648950689715,
    "ts": 1774977690.2948086
  },
  "BA.L:DHT": {
    "corr": 0.03262376755052462,
    "ts": 1774977691.0926871
  },
  "DHT:EQNR.OL": {
    "corr": 0.11018195688419637,
    "ts": 1774977691.120708
  },
  "DHT:NOVO-B.CO": {
    "corr": 0.06237208252746855,
    "ts": 1774977691.1504512
  },
  "DHT:RHM.DE": {
    "corr": 0.12846139548097069,
    "ts": 1774977691.1799114
  },
  "DHT:SIE.DE": {
    "corr": 0.13995980161198135,
    "ts": 1774977691.2115324
  },
  "BA.L:HL": {
    "corr": 0.18953428692262408,
    "ts": 1774977693.0127926
  },
  "EQNR.OL:HL": {
    "corr": -0.15760233105050026,
    "ts": 1774977693.0411363
  },
  "HL:NOVO-B.CO": {
    "corr": 0.2123072153126484,
    "ts": 1774977693.068522
  },
  "HL:RHM.DE": {
    "corr": 0.32535192549383424,
    "ts": 1774977693.0962548
  },
  "HL:SIE.DE": {
    "corr": 0.3177069287081248,
    "ts": 1774977693.1240745
  },
  "BA.L:PAAS": {
    "corr": 0.10945530540173552,
    "ts": 1774977693.7711358
  },
  "EQNR.OL:PAAS": {
    "corr": -0.2252442031184041,
    "ts": 1774977693.7985582
  },
  "NOVO-B.CO:PAAS": {
    "corr": 0.19815657458614935,
    "ts": 1774977693.8261507
  },
  "PAAS:RHM.DE": {
    "corr": 0.34274345267828404,
    "ts": 1774977693.8595674
  },
  "PAAS:SIE.DE": {
    "corr": 0.28080191126334025,
    "ts": 1774977693.8903568
  },
  "BA.L:MOS": {
    "corr": 0.1241913113102366,
    "ts": 1774977694.5454955
  },
  "EQNR.OL:MOS": {
    "corr": 0.047485096883493935,
    "ts": 1774977694.5838354
  },
  "MOS:NOVO-B.CO": {
    "corr": 0.09616718771063755,
    "ts": 1774977694.6109703
  },
  "MOS:RHM.DE": {
    "corr": 0.0758013946581314,
    "ts": 1774977694.6381826
  },
  "MOS:SIE.DE": {
    "corr": 0.0470375578712701,
    "ts": 1774977694.666493
  },
  "BA.L:LHA.DE": {
    "corr": -0.10411178999533297,
    "ts": 1774977695.307301
  },
  "EQNR.OL:LHA.DE": {
    "corr": -0.6397779689563423,
    "ts": 1774977695.3352451
  },
  "LHA.DE:NOVO-B.CO": {
    "corr": -0.024839200946615066,
    "ts": 1774977695.36615
  },
  "LHA.DE:RHM.DE": {
    "corr": 0.1693756712344357,
    "ts": 1774977695.395128
  },
  "LHA.DE:SIE.DE": {
    "corr": 0.5299185216404653,
    "ts": 1774977695.425202
  },
  "BA.L:SAAB-B.ST": {
    "corr": 0.7190335286638836,
    "ts": 1774977696.4235573
  },
  "EQNR.OL:SAAB-B.ST": {
    "corr": 0.09152156048637074,
    "ts": 1774977696.453697
  },
  "NOVO-B.CO:SAAB-B.ST": {
    "corr": 0.30912419409590564,
    "ts": 1774977696.4942946
  },
  "RHM.DE:SAAB-B.ST": {
    "corr": 0.8177304685646007,
    "ts": 1774977696.5339108
  },
  "SAAB-B.ST:SIE.DE": {
    "corr": 0.35849530299951743,
    "ts": 1774977696.5624132
  },
  "BA.L:SMCI": {
    "corr": 0.12739108138349758,
    "ts": 1774977697.5022395
  },
  "EQNR.OL:SMCI": {
    "corr": 0.04198715638156647,
    "ts": 1774977697.5437253
  },
  "NOVO-B.CO:SMCI": {
    "corr": 0.015723404979389087,
    "ts": 1774977697.5720491
  },
  "RHM.DE:SMCI": {
    "corr": 0.19572092740849223,
    "ts": 1774977697.5995297
  },
  "SIE.DE:SMCI": {
    "corr": 0.1165660739567136,
    "ts": 1774977697.6270416
  },
  "ANET:BA.L": {
    "corr": -0.05490346926696973,
    "ts": 1774977698.2213328
  },
  "ANET:EQNR.OL": {
    "corr": -0.2925236780392589,
    "ts": 1774977698.2524831
  },
  "ANET:NOVO-B.CO": {
    "corr": 0.3974463953476081,
    "ts": 1774977698.2807345
  },
  "ANET:RHM.DE": {
    "corr": 0.2114839755151074,
    "ts": 1774977698.3097644
  },
  "ANET:SIE.DE": {
    "corr": 0.4340113541751422,
    "ts": 1774977698.3503566
  },
  "BA.L:DELL": {
    "corr": -0.016857114273879762,
    "ts": 1774977698.9448586
  },
  "DELL:EQNR.OL": {
    "corr": 0.0518433403808598,
    "ts": 1774977698.982849
  },
  "DELL:NOVO-B.CO": {
    "corr": 0.060390175622844475,
    "ts": 1774977699.0330646
  },
  "DELL:RHM.DE": {
    "corr": 0.02048115034140373,
    "ts": 1774977699.0743742
  },
  "DELL:SIE.DE": {
    "corr": 0.021455189657449497,
    "ts": 1774977699.1037784
  },
  "BA.L:FCX": {
    "corr": 0.10842767638484853,
    "ts": 1774977699.9721193
  },
  "EQNR.OL:FCX": {
    "corr": -0.18765004356439435,
    "ts": 1774977700.014977
  },
  "FCX:NOVO-B.CO": {
    "corr": 0.08485726974274287,
    "ts": 1774977700.061355
  },
  "FCX:RHM.DE": {
    "corr": 0.3362618555956292,
    "ts": 1774977700.096162
  },
  "FCX:SIE.DE": {
    "corr": 0.41124345920193045,
    "ts": 1774977700.1261375
  },
  "BA.L:SCCO": {
    "corr": 0.19803212086227828,
    "ts": 1774977700.9520812
  },
  "EQNR.OL:SCCO": {
    "corr": -0.11338571048451446,
    "ts": 1774977700.9956815
  },
  "NOVO-B.CO:SCCO": {
    "corr": 0.12037905289219877,
    "ts": 1774977701.0394676
  },
  "RHM.DE:SCCO": {
    "corr": 0.38247463232846035,
    "ts": 1774977701.0861611
  },
  "SCCO:SIE.DE": {
    "corr": 0.45286759277492594,
    "ts": 1774977701.1173186
  },
  "BA.L:TECK": {
    "corr": 0.057083751456275485,
    "ts": 1774977701.9135842
  },
  "EQNR.OL:TECK": {
    "corr": -0.21750890893312957,
    "ts": 1774977701.9444478
  },
  "NOVO-B.CO:TECK": {
    "corr": 0.10189513732176785,
    "ts": 1774977701.9880059
  },
  "RHM.DE:TECK": {
    "corr": 0.26797537178381114,
    "ts": 1774977702.0294802
  },
  "SIE.DE:TECK": {
    "corr": 0.44600624783536,
    "ts": 1774977702.0607278
  },
  "BA.L:ZIM": {
    "corr": 0.07050595366367032,
    "ts": 1774977702.7906358
  },
  "EQNR.OL:ZIM": {
    "corr": -0.1755498289488587,
    "ts": 1774977702.8195264
  },
  "NOVO-B.CO:ZIM": {
    "corr": 0.11072893593364132,
    "ts": 1774977702.8478777
  },
  "RHM.DE:ZIM": {
    "corr": 0.17058272181180975,
    "ts": 1774977702.8796244
  },